[
  {
    "name": "Adventures of a curious character",
    "group": "A Dev",
    "width": 13,
    "height": 10,
    "tiles": [],
    "stock": "all"
  },
  {
    "name": "The first steps",
    "group": "Game",
    "width": 13,
    "height": 10,
    "tiles": [
      {"i": 2, "j": 3, "name": "Source", "frozen": true},
      {"i": 4, "j": 3, "name": "ThinMirror", "rotation": 3},
      {"i": 5, "j": 3, "name": "Rock", "frozen": true},
      {"i": 4, "j": 6, "name": "ThinMirror", "frozen": true, "rotation": 3},
      {"i": 8, "j": 6, "name": "ThinMirror", "rotation": 1},
      {"i": 8, "j": 3, "name": "Detector", "frozen": true, "rotation": 1}
    ],
    "boardHints": [
      {"i": 0, "j": 4, "widthI": 3, "text": "click laser to start", "triangleI": 2, "triangleDir": "top"},
      {"i": 1, "j": 2, "widthI": 4, "text": "after dropping, click to rotate ", "triangleI": 4, "triangleDir": "bottom"},
      {"i": 9, "j": 0, "widthI": 4, "text": "drag & drop mirror from here", "triangleI": 12, "triangleDir": "right"},
      {"i": 4, "j": 7, "widthI": 3, "text": "some objects are fixed", "triangleI": 4, "triangleDir": "top"},
      {"i": 9, "j": 3, "widthI": 4, "text": "photon should reach there", "triangleI": 9, "triangleDir": "left"}
    ]
  },
  {
    "name": "Divide and conquer!",
    "group": "Game",
    "width": 13,
    "height": 10,
    "tiles": [
      {"i": 3, "j": 6, "name": "Detector", "rotation": 2, "frozen": true},
      {"i": 5, "j": 6, "name": "ThinSplitter", "rotation": 1, "frozen": false},
      {"i": 5, "j": 8, "name": "Detector", "rotation": 3, "frozen": true},
      {"i": 7, "j": 2, "name": "Detector", "rotation": 1, "frozen": true},
      {"i": 7, "j": 4, "name": "ThinSplitter", "rotation": 1, "frozen": false},
      {"i": 7, "j": 6, "name": "ThinSplitter", "rotation": 3, "frozen": false},
      {"i": 9, "j": 2, "name": "Detector", "rotation": 1, "frozen": true},
      {"i": 9, "j": 4, "name": "ThinSplitter", "rotation": 1, "frozen": false},
      {"i": 9, "j": 5, "name": "Rock", "rotation": 0, "frozen": true},
      {"i": 11, "j": 4, "name": "Detector", "rotation": 0, "frozen": true},
      {"i": 11, "j": 6, "name": "Source", "rotation": 2, "frozen": true}
    ],
    "boardHints": [
      {"i": 0, "j": 0, "widthI": 7, "text": "give each detector some chance of catching a photon"},
      {"i": 9, "j": 0, "widthI": 4, "text": "brand-new beam splitters", "triangleI": 12, "triangleDir": "right"},
      {"i": 0, "j": 7, "widthI": 5, "text": "each run only a single detector clicks"},
      {"i": 5, "j": 9, "widthI": 5, "text": "but we display probabilities as well"}
    ]
  },
  {
    "name": "Not all but everywhere",
    "group": "Game",
    "requiredDetectionProbability": 0.875,
    "width": 13,
    "height": 10,
    "tiles": [
      {"i": 4, "j": 4, "name": "Source", "rotation": 0, "frozen": true},
      {"i": 6, "j": 2, "name": "Detector", "rotation": 1, "frozen": true},
      {"i": 6, "j": 4, "name": "ThinSplitter", "rotation": 3, "frozen": false},
      {"i": 6, "j": 6, "name": "Detector", "rotation": 3, "frozen": true},
      {"i": 7, "j": 4, "name": "ThinSplitter", "rotation": 2, "frozen": false},
      {"i": 8, "j": 4, "name": "Detector", "rotation": 0, "frozen": true}
    ],
    "boardHints": [
      {"i": 1, "j": 1, "widthI": 4, "text": "sometimes things get tricky"},
      {"i": 7, "j": 6, "widthI": 5, "text": "but we can afford losing 12.5% photons"}
    ]
  },
  {
    "name": "Introducing interference",
    "group": "Game",
    "width": 13,
    "height": 10,
    "tiles": [
      {"i": 1, "j": 3, "name": "Source", "rotation": 0, "frozen": true},
      {"i": 3, "j": 3, "name": "ThinSplitter", "rotation": 3, "frozen": true},
      {"i": 3, "j": 5, "name": "ThinMirror", "rotation": 3, "frozen": true},
      {"i": 5, "j": 3, "name": "ThinMirror", "rotation": 3, "frozen": true},
      {"i": 5, "j": 5, "name": "ThinSplitter", "rotation": 3, "frozen": true},
      {"i": 7, "j": 3, "name": "ThinMirror", "rotation": 1, "frozen": false},
      {"i": 7, "j": 5, "name": "ThinSplitter", "rotation": 1, "frozen": false},
      {"i": 9, "j": 3, "name": "ThinSplitter", "rotation": 1, "frozen": true},
      {"i": 9, "j": 5, "name": "ThinMirror", "rotation": 1, "frozen": false},
      {"i": 10, "j": 5, "name": "Rock", "rotation": 0, "frozen": true},
      {"i": 11, "j": 3, "name": "Detector", "rotation": 0, "frozen": true}
    ],
    "boardHints": [
      {"i": 1, "j": 1, "widthI": 4, "text": "run it to see what happens", "triangleI": 1, "triangleDir": "bottom"},
      {"i": 5, "j": 2, "widthI": 3, "text": "crazy, isn't it?"},
      {"i": 8, "j": 7, "widthI": 4, "text": "if you don't know what to do"},
      {"i": 9, "j": 8, "widthI": 3, "text": "replicate what you saw"}
    ]
  },
  {
    "name": "Changing interference",
    "group": "Game",
    "width": 13,
    "height": 10,
    "tiles": [
      {"i": 1, "j": 7, "name": "Source", "frozen": true},
      {"i": 4, "j": 7, "name": "ThinSplitter", "frozen": true, "rotation": 1},
      {"i": 8, "j": 7, "name": "ThinMirror", "rotation": 1},
      {"i": 4, "j": 4, "name": "ThinMirror", "frozen": true, "rotation": 1},
      {"i": 4, "j": 5, "name": "Glass", "frozen": true},
      {"i": 4, "j": 6, "name": "Glass"},
      {"i": 8, "j": 4, "name": "ThinSplitter", "frozen": true, "rotation": 1},
      {"i": 8, "j": 1, "name": "Detector", "frozen": true, "rotation": 1},
      {"i": 10, "j": 4, "name": "Mine", "frozen": true}
    ],
    "boardHints": [
      {"i": 2, "j": 1, "widthI": 5, "text": "comebacks can turn out either way"},
      {"i": 0, "j": 5, "widthI": 4, "text": "glass changes interference", "triangleI": 3, "triangleDir": "right"}
    ]
  },
  {
    "name": "Guiding interference",
    "group": "Game",
    "width": 13,
    "height": 10,
    "tiles": [
      {"i": 1, "j": 1, "name": "Source", "rotation": 0, "frozen": true},
      {"i": 1, "j": 7, "name": "Detector", "rotation": 2, "frozen": true},
      {"i": 3, "j": 1, "name": "ThinSplitter", "rotation": 3, "frozen": true},
      {"i": 3, "j": 3, "name": "ThinMirror", "rotation": 3, "frozen": true},
      {"i": 3, "j": 5, "name": "ThinMirror", "rotation": 1, "frozen": true},
      {"i": 3, "j": 6, "name": "Glass", "rotation": 0, "frozen": false},
      {"i": 3, "j": 7, "name": "ThinSplitter", "rotation": 1, "frozen": true},
      {"i": 4, "j": 5, "name": "Glass", "rotation": 0, "frozen": false},
      {"i": 5, "j": 1, "name": "ThinMirror", "rotation": 3, "frozen": true},
      {"i": 5, "j": 2, "name": "Glass", "rotation": 0, "frozen": false},
      {"i": 5, "j": 3, "name": "ThinSplitter", "rotation": 3, "frozen": true},
      {"i": 5, "j": 5, "name": "ThinSplitter", "rotation": 1, "frozen": true},
      {"i": 5, "j": 7, "name": "ThinMirror", "rotation": 1, "frozen": true},
      {"i": 7, "j": 1, "name": "ThinMirror", "rotation": 1, "frozen": true},
      {"i": 7, "j": 3, "name": "ThinSplitter", "rotation": 1, "frozen": true},
      {"i": 7, "j": 5, "name": "ThinSplitter", "rotation": 3, "frozen": true},
      {"i": 7, "j": 7, "name": "ThinMirror", "rotation": 3, "frozen": true},
      {"i": 9, "j": 1, "name": "ThinSplitter", "rotation": 1, "frozen": true},
      {"i": 9, "j": 3, "name": "ThinMirror", "rotation": 1, "frozen": true},
      {"i": 9, "j": 5, "name": "ThinMirror", "rotation": 3, "frozen": true},
      {"i": 9, "j": 7, "name": "ThinSplitter", "rotation": 3, "frozen": true},
      {"i": 11, "j": 1, "name": "Detector", "rotation": 0, "frozen": true}
    ],
    "boardHints": [
      {"i": 3, "j": 8, "widthI": 3, "text": "interference is subtle"},
      {"i": 6, "j": 9, "widthI": 4, "text": "use it to your own advantage"}
    ]
  },
  {
    "name": "Breaking interference with a rock ",
    "group": "Game",
    "requiredDetectionProbability": 0.5,
    "width": 13,
    "height": 10,
    "tiles": [
      {"i": 1, "j": 6, "name": "Detector", "rotation": 2, "frozen": true},
      {"i": 3, "j": 4, "name": "ThinMirror", "rotation": 1, "frozen": true},
      {"i": 3, "j": 6, "name": "ThinSplitter", "rotation": 1, "frozen": true},
      {"i": 3, "j": 8, "name": "Detector", "rotation": 3, "frozen": true},
      {"i": 6, "j": 4, "name": "Rock", "rotation": 0, "frozen": false},
      {"i": 9, "j": 2, "name": "Source", "rotation": 3, "frozen": true},
      {"i": 9, "j": 4, "name": "ThinSplitter", "rotation": 1, "frozen": true},
      {"i": 9, "j": 6, "name": "ThinMirror", "rotation": 1, "frozen": true}
    ],
    "boardHints": [
      {"i": 7, "j": 0, "widthI": 6, "text": "every rock has a life, has a spirit, has a name", "triangleI": 12, "triangleDir": "right"},
      {"i": 5, "j": 8, "widthI": 4, "text": "one beam always gets split"}
    ]
  },
  {
    "name": "Your own Michelson-Morley",
    "group": "Game",
    "width": 13,
    "height": 10,
    "tiles": [
      {"i": 3, "j": 5, "name": "Source", "rotation": 0, "frozen": true},
      {"i": 6, "j": 1, "name": "ThinMirror", "rotation": 0, "frozen": false},
      {"i": 6, "j": 5, "name": "ThinSplitter", "rotation": 1, "frozen": true},
      {"i": 6, "j": 8, "name": "Detector", "rotation": 3, "frozen": true},
      {"i": 10, "j": 5, "name": "ThinMirror", "rotation": 2, "frozen": false}
    ],
    "boardHints": [
      {"i": 1, "j": 1, "widthI": 5, "text": "it's an important historical experiment"},
      {"i": 1, "j": 2, "widthI": 2, "text": "but hey..."},
      {"i": 2, "j": 3, "widthI": 2, "text": "no pressure!"}
    ]
  },
  {
    "name": "Phase matters",
    "group": "Game",
    "width": 13,
    "height": 10,
    "tiles": [
      {"i": 2, "j": 3, "name": "Glass", "rotation": 0, "frozen": true},
      {"i": 3, "j": 3, "name": "ThinMirror", "rotation": 2, "frozen": false},
      {"i": 4, "j": 3, "name": "Glass", "rotation": 0, "frozen": true},
      {"i": 6, "j": 3, "name": "Glass", "rotation": 0, "frozen": true},
      {"i": 8, "j": 3, "name": "Glass", "rotation": 0, "frozen": true},
      {"i": 9, "j": 1, "name": "Source", "rotation": 3, "frozen": true},
      {"i": 9, "j": 3, "name": "ThinSplitter", "rotation": 1, "frozen": true},
      {"i": 9, "j": 6, "name": "Glass", "rotation": 0, "frozen": true},
      {"i": 9, "j": 9, "name": "ThinMirror", "rotation": 0, "frozen": false},
      {"i": 11, "j": 3, "name": "Detector", "rotation": 0, "frozen": true}
    ],
    "boardHints": [
      {"i": 3, "j": 5, "widthI": 4, "text": "so, can you do it?"}
    ]
  },
  {
    "name": "Balance input amplitudes",
    "group": "Game",
    "width": 13,
    "height": 10,
    "tiles": [
      {"i": 1, "j": 8, "name": "Source", "rotation": 0, "frozen": true},
      {"i": 3, "j": 4, "name": "ThinMirror", "rotation": 1, "frozen": true},
      {"i": 3, "j": 8, "name": "ThinSplitter", "rotation": 1, "frozen": true},
      {"i": 5, "j": 2, "name": "Detector", "rotation": 1, "frozen": true},
      {"i": 5, "j": 4, "name": "ThinSplitter", "rotation": 1, "frozen": false},
      {"i": 5, "j": 6, "name": "Rock", "rotation": 1, "frozen": true},
      {"i": 7, "j": 2, "name": "Mine", "rotation": 0, "frozen": true},
      {"i": 7, "j": 4, "name": "ThinSplitter", "rotation": 1, "frozen": false},
      {"i": 7, "j": 6, "name": "ThinSplitter", "rotation": 1, "frozen": false},
      {"i": 7, "j": 8, "name": "ThinMirror", "rotation": 1, "frozen": true},
      {"i": 9, "j": 4, "name": "DetectorFour", "rotation": 0, "frozen": true},
      {"i": 9, "j": 6, "name": "ThinMirror", "rotation": 1, "frozen": true}
    ],
    "boardHints": [
      {"i": 2, "j": 0, "widthI": 4, "text": "interference works perfectly"},
      {"i": 5, "j": 1, "widthI": 6, "text": "only when intensities are exactly the same"}
    ]
  },
  {
    "name": "Attenuate the beam",
    "group": "Game",
    "width": 13,
    "height": 10,
    "requiredDetectionProbability": 0,
    "tiles": [
      {"i": 1, "j": 3, "name": "Source", "rotation": 0, "frozen": true},
      {"i": 2, "j": 3, "name": "Absorber", "rotation": 0, "frozen": false},
      {"i": 3, "j": 3, "name": "Absorber", "rotation": 0, "frozen": false},
      {"i": 4, "j": 3, "name": "Absorber", "rotation": 0, "frozen": false},
      {"i": 5, "j": 3, "name": "Absorber", "rotation": 0, "frozen": false},
      {"i": 6, "j": 3, "name": "Absorber", "rotation": 0, "frozen": false},
      {"i": 7, "j": 3, "name": "Absorber", "rotation": 0, "frozen": false},
      {"i": 8, "j": 3, "name": "Absorber", "rotation": 0, "frozen": false},
      {"i": 9, "j": 3, "name": "Absorber", "rotation": 0, "frozen": false},
      {"i": 10, "j": 3, "name": "Absorber", "rotation": 0, "frozen": false},
      {"i": 11, "j": 3, "name": "Mine", "rotation": 0, "frozen": true}
    ],
    "boardHints": [
      {"i": 9, "j": 4, "widthI": 3, "text": "just don't blow it!", "triangleI": 11, "triangleDir": "top"}
    ]
  },
  {
    "name": "Match intensities",
    "group": "Game",
    "width": 13,
    "height": 10,
    "requiredDetectionProbability": 0.75,
    "tiles": [
      {"i": 5, "j": 5, "name": "Detector", "rotation": 2, "frozen": true},
      {"i": 5, "j": 7, "name": "Detector", "rotation": 2, "frozen": true},
      {"i": 9, "j": 3, "name": "ThinMirror", "rotation": 1, "frozen": true},
      {"i": 9, "j": 5, "name": "ThinSplitter", "rotation": 1, "frozen": true},
      {"i": 9, "j": 7, "name": "ThinSplitter", "rotation": 1, "frozen": true},
      {"i": 9, "j": 9, "name": "Mine", "rotation": 0, "frozen": true},
      {"i": 11, "j": 1, "name": "Source", "rotation": 3, "frozen": true},
      {"i": 11, "j": 3, "name": "ThinSplitter", "rotation": 1, "frozen": true},
      {"i": 11, "j": 4, "name": "Glass", "rotation": 0, "frozen": true},
      {"i": 11, "j": 5, "name": "Absorber", "rotation": 0, "frozen": false},
      {"i": 11, "j": 6, "name": "Glass", "rotation": 0, "frozen": true},
      {"i": 11, "j": 7, "name": "ThinMirror", "rotation": 1, "frozen": true}
    ],
    "boardHints": [
      {"i": 2, "j": 2, "widthI": 6, "text": "losing some photons is a price worth paying"}
    ]
  },
  {
    "name": "Rotating polarization with sugar",
    "group": "Game",
    "width": 13,
    "height": 10,
    "tiles": [
      {"i": 1, "j": 8, "name": "Detector", "rotation": 2, "frozen": true},
      {"i": 3, "j": 1, "name": "Source", "rotation": 0, "frozen": true},
      {"i": 4, "j": 8, "name": "SugarSolution", "rotation": 0, "frozen": true},
      {"i": 5, "j": 8, "name": "SugarSolution", "rotation": 0, "frozen": true},
      {"i": 6, "j": 1, "name": "SugarSolution", "rotation": 0, "frozen": true},
      {"i": 7, "j": 1, "name": "SugarSolution", "rotation": 0, "frozen": true},
      {"i": 8, "j": 8, "name": "SugarSolution", "rotation": 0, "frozen": true},
      {"i": 9, "j": 1, "name": "ThinMirror", "rotation": 3, "frozen": false},
      {"i": 9, "j": 4, "name": "SugarSolution", "rotation": 0, "frozen": true},
      {"i": 9, "j": 5, "name": "SugarSolution", "rotation": 0, "frozen": true},
      {"i": 9, "j": 8, "name": "ThinMirror", "rotation": 1, "frozen": false}
    ],
    "boardHints": [
      {"i": 1, "j": 2, "widthI": 4, "text": "it can oscillate up and down", "triangleI": 4, "triangleDir": "top"},
      {"i": 8, "j": 0, "widthI": 4, "text": "or within the board plane", "triangleI": 8, "triangleDir": "bottom"},
      {"i": 5, "j": 7, "widthI": 4, "text": "or at some angle", "triangleI": 7, "triangleDir": "bottom"}
    ]
  },
  {
    "name": "Make it all pass",
    "group": "Game",
    "width": 13,
    "height": 10,
    "tiles": [
      {"i": 0, "j": 3, "name": "Source", "rotation": 0, "frozen": true},
      {"i": 0, "j": 4, "name": "Detector", "rotation": 2, "frozen": true},
      {"i": 1, "j": 3, "name": "SugarSolution", "rotation": 0, "frozen": false},
      {"i": 3, "j": 3, "name": "PolarizerWE", "rotation": 1, "frozen": true},
      {"i": 3, "j": 4, "name": "PolarizerWE", "rotation": 1, "frozen": true},
      {"i": 4, "j": 3, "name": "SugarSolution", "rotation": 0, "frozen": false},
      {"i": 4, "j": 4, "name": "SugarSolution", "rotation": 0, "frozen": false},
      {"i": 5, "j": 3, "name": "SugarSolution", "rotation": 0, "frozen": false},
      {"i": 7, "j": 3, "name": "PolarizerWE", "rotation": 3, "frozen": true},
      {"i": 7, "j": 4, "name": "PolarizerWE", "rotation": 0, "frozen": true},
      {"i": 8, "j": 3, "name": "SugarSolution", "rotation": 0, "frozen": false},
      {"i": 9, "j": 4, "name": "SugarSolution", "rotation": 0, "frozen": false},
      {"i": 10, "j": 3, "name": "PolarizerWE", "rotation": 2, "frozen": true},
      {"i": 10, "j": 4, "name": "SugarSolution", "rotation": 0, "frozen": false},
      {"i": 12, "j": 3, "name": "ThinMirror", "rotation": 3, "frozen": true},
      {"i": 12, "j": 4, "name": "ThinMirror", "rotation": 1, "frozen": true}
    ],
    "boardHints": [
      {"i": 1, "j": 2, "widthI": 7, "text": "linear polarizers absorb one polarization", "triangleI": 3, "triangleDir": "bottom"}
    ]
  },
  {
    "name": "Apples to apples",
    "group": "Game",
    "width": 13,
    "height": 10,
    "tiles": [
      {"i": 1, "j": 1, "name": "Source", "rotation": 0, "frozen": true},
      {"i": 4, "j": 1, "name": "ThinSplitter", "rotation": 3, "frozen": true},
      {"i": 4, "j": 2, "name": "SugarSolution", "rotation": 0, "frozen": false},
      {"i": 4, "j": 3, "name": "SugarSolution", "rotation": 0, "frozen": false},
      {"i": 4, "j": 4, "name": "ThinMirror", "rotation": 3, "frozen": true},
      {"i": 5, "j": 1, "name": "PolarizerWE", "rotation": 2, "frozen": true},
      {"i": 5, "j": 4, "name": "PolarizerWE", "rotation": 0, "frozen": true},
      {"i": 7, "j": 1, "name": "ThinMirror", "rotation": 3, "frozen": true},
      {"i": 7, "j": 4, "name": "ThinMirror", "rotation": 3, "frozen": false},
      {"i": 7, "j": 6, "name": "ThinMirror", "rotation": 3, "frozen": true},
      {"i": 9, "j": 4, "name": "PolarizerWE", "rotation": 2, "frozen": true},
      {"i": 9, "j": 6, "name": "PolarizerWE", "rotation": 0, "frozen": true},
      {"i": 11, "j": 4, "name": "Detector", "rotation": 0, "frozen": true},
      {"i": 11, "j": 6, "name": "Detector", "rotation": 0, "frozen": true}
    ]
  },
  {
    "name": "Three polarizers",
    "group": "Game",
    "requiredDetectionProbability": 0.25,
    "width": 13,
    "height": 10,
    "tiles": [
      {"i": 2, "j": 3, "name": "Source", "rotation": 0, "frozen": true},
      {"i": 4, "j": 3, "name": "PolarizerWE", "rotation": 2, "frozen": true},
      {"i": 6, "j": 3, "name": "PolarizerWE", "rotation": 3, "frozen": false},
      {"i": 8, "j": 3, "name": "PolarizerWE", "rotation": 0, "frozen": true},
      {"i": 10, "j": 3, "name": "Detector", "rotation": 0, "frozen": true}
    ],
    "boardHints": [
      {"i": 5, "j": 1, "widthI": 3, "text": "seems unfixable :/"},
      {"i": 4, "j": 5, "widthI": 5, "text": "...or block light so it can pass"}
    ]
  },
  {
    "name": "Sugar recycling",
    "group": "Game",
    "width": 13,
    "height": 10,
    "tiles": [
      {"i": 3, "j": 5, "name": "Source", "rotation": 0, "frozen": true},
      {"i": 4, "j": 5, "name": "PolarizerWE", "rotation": 2, "frozen": true},
      {"i": 5, "j": 1, "name": "ThinMirror", "rotation": 1, "frozen": true},
      {"i": 5, "j": 3, "name": "SugarSolution", "rotation": 0, "frozen": false},
      {"i": 5, "j": 5, "name": "SugarSolution", "rotation": 0, "frozen": false},
      {"i": 5, "j": 7, "name": "PolarizerNS", "rotation": 2, "frozen": true},
      {"i": 5, "j": 8, "name": "Detector", "rotation": 3, "frozen": true},
      {"i": 6, "j": 1, "name": "PolarizerWE", "rotation": 2, "frozen": true},
      {"i": 6, "j": 5, "name": "SugarSolution", "rotation": 0, "frozen": false},
      {"i": 8, "j": 1, "name": "ThinMirror", "rotation": 3, "frozen": true},
      {"i": 8, "j": 2, "name": "SugarSolution", "rotation": 0, "frozen": false},
      {"i": 8, "j": 3, "name": "ThinMirror", "rotation": 3, "frozen": true},
      {"i": 8, "j": 5, "name": "PolarizerWE", "rotation": 0, "frozen": true},
      {"i": 9, "j": 3, "name": "ThinMirror", "rotation": 3, "frozen": true},
      {"i": 9, "j": 4, "name": "SugarSolution", "rotation": 0, "frozen": false},
      {"i": 9, "j": 5, "name": "ThinMirror", "rotation": 1, "frozen": true}
    ],
    "boardHints": [
      {"i": 0, "j": 9, "widthI": 7, "text": "and after all that, you still don't like us? so sad...", "triangleI": 0, "triangleDir": "left"}
    ]
  },
  {
    "name": "Polarizing beam splitter",
    "group": "Game",
    "width": 13,
    "height": 10,
    "tiles": [
      {"i": 1, "j": 3, "name": "PolarizingSplitter", "rotation": 0, "frozen": true},
      {"i": 1, "j": 5, "name": "PolarizingSplitter", "rotation": 1, "frozen": true},
      {"i": 2, "j": 3, "name": "SugarSolution", "rotation": 0, "frozen": true},
      {"i": 2, "j": 7, "name": "Detector", "rotation": 2, "frozen": true},
      {"i": 3, "j": 3, "name": "SugarSolution", "rotation": 0, "frozen": true},
      {"i": 3, "j": 5, "name": "SugarSolution", "rotation": 0, "frozen": false},
      {"i": 4, "j": 5, "name": "PolarizingSplitter", "rotation": 1, "frozen": true},
      {"i": 4, "j": 6, "name": "SugarSolution", "rotation": 0, "frozen": false},
      {"i": 4, "j": 7, "name": "PolarizingSplitter", "rotation": 0, "frozen": true},
      {"i": 4, "j": 9, "name": "Detector", "rotation": 3, "frozen": true},
      {"i": 5, "j": 3, "name": "PolarizingSplitter", "rotation": 1, "frozen": true},
      {"i": 5, "j": 5, "name": "SugarSolution", "rotation": 0, "frozen": false},
      {"i": 6, "j": 3, "name": "PolarizingSplitter", "rotation": 0, "frozen": true},
      {"i": 6, "j": 5, "name": "PolarizingSplitter", "rotation": 1, "frozen": false},
      {"i": 6, "j": 7, "name": "Detector", "rotation": 3, "frozen": true},
      {"i": 8, "j": 3, "name": "SugarSolution", "rotation": 0, "frozen": true},
      {"i": 8, "j": 5, "name": "Detector", "rotation": 0, "frozen": true},
      {"i": 9, "j": 1, "name": "Source", "rotation": 0, "frozen": true},
      {"i": 9, "j": 3, "name": "SugarSolution", "rotation": 0, "frozen": true},
      {"i": 11, "j": 1, "name": "PolarizingSplitter", "rotation": 1, "frozen": true},
      {"i": 11, "j": 3, "name": "PolarizingSplitter", "rotation": 0, "frozen": true}
    ],
    "boardHints": [
      {"i": 0, "j": 1, "widthI": 7, "text": "PBS or the full name, but never say 'polarizing BS'!"},
      {"i": 9, "j": 0, "widthI": 4, "text": "vertical polarization bounces...", "triangleI": 10, "triangleDir": "bottom"},
      {"i": 6, "j": 2, "widthI": 4, "text": "...and horizontal goes through", "triangleI": 7, "triangleDir": "bottom"},
      {"i": 7, "j": 8, "widthI": 5, "text": "how about diagonal polarization?"}
    ]
  },
  {
    "name": "Optical table tennis",
    "group": "Game",
    "width": 13,
    "height": 10,
    "tiles": [
      {"i": 1, "j": 1, "name": "Source", "rotation": 0, "frozen": true},
      {"i": 1, "j": 4, "name": "Detector", "rotation": 2, "frozen": true},
      {"i": 2, "j": 1, "name": "SugarSolution", "rotation": 0, "frozen": false},
      {"i": 3, "j": 1, "name": "SugarSolution", "rotation": 0, "frozen": false},
      {"i": 4, "j": 1, "name": "PolarizingSplitter", "rotation": 1, "frozen": true},
      {"i": 4, "j": 4, "name": "PolarizingSplitter", "rotation": 1, "frozen": true},
      {"i": 4, "j": 7, "name": "PolarizingSplitter", "rotation": 0, "frozen": true},
      {"i": 5, "j": 1, "name": "SugarSolution", "rotation": 0, "frozen": false},
      {"i": 6, "j": 1, "name": "SugarSolution", "rotation": 0, "frozen": false},
      {"i": 6, "j": 4, "name": "PolarizerWE", "rotation": 0, "frozen": true},
      {"i": 7, "j": 1, "name": "PolarizingSplitter", "rotation": 1, "frozen": true},
      {"i": 7, "j": 2, "name": "SugarSolution", "rotation": 0, "frozen": false},
      {"i": 7, "j": 3, "name": "SugarSolution", "rotation": 0, "frozen": false},
      {"i": 7, "j": 4, "name": "PolarizingSplitter", "rotation": 0, "frozen": true},
      {"i": 7, "j": 5, "name": "SugarSolution", "rotation": 0, "frozen": false},
      {"i": 7, "j": 6, "name": "SugarSolution", "rotation": 0, "frozen": false},
      {"i": 7, "j": 7, "name": "PolarizingSplitter", "rotation": 1, "frozen": true},
      {"i": 8, "j": 4, "name": "SugarSolution", "rotation": 0, "frozen": false},
      {"i": 9, "j": 4, "name": "SugarSolution", "rotation": 0, "frozen": false},
      {"i": 10, "j": 1, "name": "PolarizingSplitter", "rotation": 1, "frozen": true},
      {"i": 10, "j": 4, "name": "PolarizingSplitter", "rotation": 1, "frozen": true},
      {"i": 10, "j": 7, "name": "PolarizingSplitter", "rotation": 0, "frozen": true}
    ]
  },
  {
    "name": "Perpendicular are different",
    "group": "Game",
    "width": 13,
    "height": 10,
    "tiles": [
      {"i": 1, "j": 5, "name": "Mine", "rotation": 0, "frozen": true},
      {"i": 3, "j": 1, "name": "ThinMirror", "rotation": 1, "frozen": true},
      {"i": 3, "j": 3, "name": "Glass", "rotation": 0, "frozen": true},
      {"i": 3, "j": 5, "name": "ThinSplitter", "rotation": 1, "frozen": true},
      {"i": 3, "j": 9, "name": "Detector", "rotation": 3, "frozen": true},
      {"i": 5, "j": 1, "name": "SugarSolution", "rotation": 0, "frozen": false},
      {"i": 5, "j": 5, "name": "ThinMirror", "rotation": 3, "frozen": true},
      {"i": 5, "j": 9, "name": "ThinMirror", "rotation": 3, "frozen": true},
      {"i": 6, "j": 1, "name": "SugarSolution", "rotation": 0, "frozen": false},
      {"i": 6, "j": 5, "name": "ThinMirror", "rotation": 1, "frozen": true},
      {"i": 6, "j": 9, "name": "ThinMirror", "rotation": 1, "frozen": true},
      {"i": 8, "j": 1, "name": "ThinMirror", "rotation": 3, "frozen": true},
      {"i": 8, "j": 5, "name": "PolarizingSplitter", "rotation": 1, "frozen": true},
      {"i": 10, "j": 5, "name": "SugarSolution", "rotation": 0, "frozen": false},
      {"i": 12, "j": 5, "name": "Source", "rotation": 2, "frozen": true}
    ],
    "boardHints": [
      {"i": 0, "j": 1, "widthI": 3, "text": "perpendicular"},
      {"i": 0, "j": 2, "widthI": 3, "text": "polarizations"},
      {"i": 0, "j": 3, "widthI": 3, "text": "do not"},
      {"i": 0, "j": 4, "widthI": 3, "text": "interfere"}
    ]
  },
  {
    "name": "The minefield of interference",
    "group": "Game",
    "width": 13,
    "height": 10,
    "tiles": [
      {"i": 2, "j": 2, "name": "Source", "rotation": 0, "frozen": true},
      {"i": 3, "j": 2, "name": "ThinSplitter", "rotation": 3, "frozen": true},
      {"i": 3, "j": 4, "name": "ThinSplitter", "rotation": 3, "frozen": false},
      {"i": 3, "j": 6, "name": "ThinMirror", "rotation": 3, "frozen": false},
      {"i": 3, "j": 8, "name": "Mine", "rotation": 0, "frozen": true},
      {"i": 5, "j": 2, "name": "ThinSplitter", "rotation": 3, "frozen": false},
      {"i": 5, "j": 4, "name": "ThinSplitter", "rotation": 3, "frozen": false},
      {"i": 5, "j": 8, "name": "Mine", "rotation": 0, "frozen": true},
      {"i": 7, "j": 2, "name": "ThinMirror", "rotation": 3, "frozen": false},
      {"i": 7, "j": 6, "name": "ThinSplitter", "rotation": 3, "frozen": false},
      {"i": 7, "j": 8, "name": "Mine", "rotation": 0, "frozen": true},
      {"i": 9, "j": 2, "name": "Mine", "rotation": 0, "frozen": true},
      {"i": 9, "j": 4, "name": "Detector", "rotation": 0, "frozen": true},
      {"i": 9, "j": 6, "name": "Detector", "rotation": 0, "frozen": true}
    ],
    "boardHints": [
      {"i": 5, "j": 0, "widthI": 3, "text": "it's a mini-boss level!"}
    ]
  },
  {
    "name": "It can wait",
    "group": "Game",
    "width": 13,
    "height": 10,
    "tiles": [
      {"i": 5, "j": 2, "name": "ThinMirror", "rotation": 1, "frozen": false},
      {"i": 5, "j": 8, "name": "ThinMirror", "rotation": 3, "frozen": false},
      {"i": 7, "j": 2, "name": "Detector", "rotation": 0, "frozen": true},
      {"i": 7, "j": 4, "name": "ThinMirror", "rotation": 1, "frozen": true},
      {"i": 7, "j": 6, "name": "ThinMirror", "rotation": 3, "frozen": true},
      {"i": 9, "j": 3, "name": "Source", "rotation": 3, "frozen": true},
      {"i": 9, "j": 4, "name": "ThinSplitter", "rotation": 3, "frozen": true},
      {"i": 9, "j": 6, "name": "ThinMirror", "rotation": 1, "frozen": false},
      {"i": 10, "j": 4, "name": "ThinMirror", "rotation": 3, "frozen": true},
      {"i": 10, "j": 8, "name": "ThinMirror", "rotation": 1, "frozen": false}
    ]
  },
  {
    "name": "Sagnac-Michelson-Morley",
    "group": "Game",
    "width": 13,
    "height": 10,
    "tiles": [
      {"i": 3, "j": 6, "name": "ThinMirror", "rotation": 2, "frozen": false},
      {"i": 7, "j": 2, "name": "ThinMirror", "rotation": 1, "frozen": true},
      {"i": 7, "j": 4, "name": "ThinMirror", "rotation": 3, "frozen": true},
      {"i": 8, "j": 4, "name": "VacuumJar", "rotation": 0, "frozen": false},
      {"i": 9, "j": 2, "name": "ThinMirror", "rotation": 3, "frozen": true},
      {"i": 9, "j": 4, "name": "ThinSplitter", "rotation": 3, "frozen": false},
      {"i": 9, "j": 6, "name": "ThinSplitter", "rotation": 3, "frozen": true},
      {"i": 9, "j": 8, "name": "Source", "rotation": 1, "frozen": true},
      {"i": 11, "j": 6, "name": "Detector", "rotation": 0, "frozen": true}
    ],
    "boardHints": [
      {"i": 1, "j": 8, "widthI": 5, "text": "two interferometers for a price of one!"},
      {"i": 6, "j": 1, "widthI": 5, "text": "there will be a Sagnac interferometer ", "triangleI": 8, "triangleDir": "bottom"}
    ]
  },
  {
    "note": "TO FIX - can be one element less",
    "name": "Sweet madness",
    "group": "Game",
    "width": 13,
    "height": 10,
    "tiles": [
      {"i": 0, "j": 1, "name": "Detector", "rotation": 2, "frozen": true},
      {"i": 2, "j": 1, "name": "PolarizingSplitter", "rotation": 1, "frozen": true},
      {"i": 2, "j": 2, "name": "SugarSolution", "rotation": 0, "frozen": false},
      {"i": 2, "j": 3, "name": "SugarSolution", "rotation": 0, "frozen": false},
      {"i": 2, "j": 4, "name": "PolarizingSplitter", "rotation": 0, "frozen": true},
      {"i": 2, "j": 5, "name": "SugarSolution", "rotation": 0, "frozen": false},
      {"i": 2, "j": 6, "name": "SugarSolution", "rotation": 0, "frozen": false},
      {"i": 2, "j": 7, "name": "PolarizingSplitter", "rotation": 1, "frozen": true},
      {"i": 3, "j": 1, "name": "PolarizingSplitter", "rotation": 0, "frozen": true},
      {"i": 3, "j": 2, "name": "SugarSolution", "rotation": 0, "frozen": false},
      {"i": 3, "j": 3, "name": "SugarSolution", "rotation": 0, "frozen": false},
      {"i": 3, "j": 4, "name": "PolarizingSplitter", "rotation": 0, "frozen": true},
      {"i": 3, "j": 5, "name": "SugarSolution", "rotation": 0, "frozen": false},
      {"i": 3, "j": 6, "name": "SugarSolution", "rotation": 0, "frozen": false},
      {"i": 3, "j": 7, "name": "PolarizingSplitter", "rotation": 0, "frozen": true},
      {"i": 4, "j": 1, "name": "SugarSolution", "rotation": 0, "frozen": false},
      {"i": 4, "j": 4, "name": "Mine", "rotation": 0, "frozen": true},
      {"i": 5, "j": 1, "name": "SugarSolution", "rotation": 0, "frozen": true},
      {"i": 6, "j": 0, "name": "Mine", "rotation": 0, "frozen": true},
      {"i": 6, "j": 1, "name": "PolarizingSplitter", "rotation": 0, "frozen": true},
      {"i": 6, "j": 3, "name": "SugarSolution", "rotation": 0, "frozen": true},
      {"i": 6, "j": 4, "name": "ThinMirror", "rotation": 3, "frozen": true},
      {"i": 8, "j": 4, "name": "SugarSolution", "rotation": 0, "frozen": false},
      {"i": 9, "j": 1, "name": "ThinMirror", "rotation": 3, "frozen": true},
      {"i": 9, "j": 3, "name": "SugarSolution", "rotation": 0, "frozen": true},
      {"i": 9, "j": 4, "name": "PolarizingSplitter", "rotation": 0, "frozen": true},
      {"i": 9, "j": 5, "name": "SugarSolution", "rotation": 0, "frozen": false},
      {"i": 9, "j": 6, "name": "SugarSolution", "rotation": 0, "frozen": false},
      {"i": 9, "j": 7, "name": "Source", "rotation": 1, "frozen": true},
      {"i": 11, "j": 4, "name": "Mine", "rotation": 0, "frozen": true}
    ]
  },
  {
    "name": "Interfrenzy",
    "group": "Game",
    "width": 13,
    "height": 10,
    "tiles": [
      {"i": 0, "j": 1, "name": "Source", "rotation": 0, "frozen": true},
      {"i": 2, "j": 1, "name": "ThinSplitter", "rotation": 3, "frozen": true},
      {"i": 2, "j": 3, "name": "ThinSplitter", "rotation": 3, "frozen": false},
      {"i": 2, "j": 7, "name": "ThinMirror", "rotation": 3, "frozen": true},
      {"i": 5, "j": 1, "name": "ThinSplitter", "rotation": 3, "frozen": false},
      {"i": 5, "j": 3, "name": "ThinSplitter", "rotation": 3, "frozen": false},
      {"i": 7, "j": 1, "name": "ThinMirror", "rotation": 3, "frozen": true},
      {"i": 7, "j": 7, "name": "ThinSplitter", "rotation": 3, "frozen": false},
      {"i": 7, "j": 9, "name": "Mine", "rotation": 0, "frozen": true},
      {"i": 9, "j": 3, "name": "ThinMirror", "rotation": 3, "frozen": true},
      {"i": 9, "j": 7, "name": "ThinSplitter", "rotation": 3, "frozen": false},
      {"i": 9, "j": 9, "name": "Detector", "rotation": 3, "frozen": true},
      {"i": 11, "j": 7, "name": "Mine", "rotation": 0, "frozen": true}
    ]
  },
  {
    "name": "Faraday and mirrors",
    "group": "Game",
    "width": 13,
    "height": 10,
    "tiles": [
      {"i": 2, "j": 3, "name": "Source", "rotation": 0, "frozen": true},
      {"i": 3, "j": 3, "name": "DoubleSugarSolution", "rotation": 0, "frozen": true},
      {"i": 5, "j": 1, "name": "Detector", "rotation": 1, "frozen": true},
      {"i": 5, "j": 3, "name": "PolarizingSplitter", "rotation": 0, "frozen": true},
      {"i": 5, "j": 5, "name": "FaradayRotator", "rotation": 1, "frozen": false},
      {"i": 5, "j": 7, "name": "ThinMirror", "rotation": 0, "frozen": false},
      {"i": 7, "j": 3, "name": "FaradayRotator", "rotation": 0, "frozen": false},
      {"i": 9, "j": 3, "name": "ThinMirror", "rotation": 2, "frozen": true}
    ],
    "boardHints": [
      {"i": 6, "j": 6, "widthI": 5, "text": "Faraday rotators are like sugar"},
      {"i": 6, "j": 7, "widthI": 5, "text": "but rotation depends on the direction"}
    ]
  },
  {
    "name": "You shouldn't look back",
    "group": "Game",
    "width": 13,
    "height": 10,
    "tiles": [
      {"i": 1, "j": 4, "name": "Source", "rotation": 0, "frozen": true},
      {"i": 3, "j": 3, "name": "Mine", "rotation": 0, "frozen": true},
      {"i": 3, "j": 4, "name": "ThinSplitter", "rotation": 3, "frozen": true},
      {"i": 3, "j": 5, "name": "Rock", "rotation": 0, "frozen": true},
      {"i": 5, "j": 4, "name": "PolarizerWE", "rotation": 2, "frozen": false},
      {"i": 6, "j": 4, "name": "FaradayRotator", "rotation": 0, "frozen": false},
      {"i": 9, "j": 4, "name": "ThinSplitter", "rotation": 2, "frozen": true},
      {"i": 11, "j": 4, "name": "Detector", "rotation": 0, "frozen": true}
    ],
    "requiredDetectionProbability": 0.25,
    "boardHints": [
      {"i": 7, "j": 6, "widthI": 5, "text": "it's called an optical diode"}
    ]
  },
  {
    "name": "Sagnac twist",
    "group": "Game",
    "width": 13,
    "height": 10,
    "tiles": [
      {"i": 2, "j": 3, "name": "Source", "rotation": 0, "frozen": true},
      {"i": 3, "j": 3, "name": "SugarSolution", "rotation": 0, "frozen": false},
      {"i": 4, "j": 3, "name": "SugarSolution", "rotation": 0, "frozen": false},
      {"i": 5, "j": 1, "name": "Mine", "rotation": 0, "frozen": true},
      {"i": 5, "j": 3, "name": "PolarizingSplitter", "rotation": 0, "frozen": true},
      {"i": 5, "j": 6, "name": "Mine", "rotation": 0, "frozen": true},
      {"i": 6, "j": 3, "name": "SugarSolution", "rotation": 0, "frozen": true},
      {"i": 7, "j": 1, "name": "Detector", "rotation": 1, "frozen": true},
      {"i": 7, "j": 3, "name": "ThinSplitter", "rotation": 3, "frozen": true},
      {"i": 7, "j": 6, "name": "ThinMirror", "rotation": 3, "frozen": true},
      {"i": 10, "j": 3, "name": "ThinMirror", "rotation": 3, "frozen": true},
      {"i": 10, "j": 4, "name": "FaradayRotator", "rotation": 1, "frozen": false},
      {"i": 10, "j": 5, "name": "FaradayRotator", "rotation": 1, "frozen": false},
      {"i": 10, "j": 6, "name": "ThinMirror", "rotation": 1, "frozen": true}
    ]
  },
  {
    "name": "Nine polarizing beam splitters",
    "group": "Game",
    "width": 13,
    "height": 10,
    "tiles": [
      {"i": 2, "j": 2, "name": "Source", "rotation": 0, "frozen": true},
      {"i": 2, "j": 4, "name": "ThinMirror", "rotation": 2, "frozen": false},
      {"i": 3, "j": 4, "name": "FaradayRotator", "rotation": 0, "frozen": false},
      {"i": 4, "j": 2, "name": "PolarizingSplitter", "rotation": 1, "frozen": true},
      {"i": 4, "j": 4, "name": "PolarizingSplitter", "rotation": 0, "frozen": true},
      {"i": 4, "j": 6, "name": "PolarizingSplitter", "rotation": 1, "frozen": true},
      {"i": 6, "j": 2, "name": "PolarizingSplitter", "rotation": 0, "frozen": true},
      {"i": 6, "j": 4, "name": "PolarizingSplitter", "rotation": 1, "frozen": true},
      {"i": 6, "j": 6, "name": "PolarizingSplitter", "rotation": 0, "frozen": true},
      {"i": 8, "j": 2, "name": "PolarizingSplitter", "rotation": 1, "frozen": true},
      {"i": 8, "j": 4, "name": "PolarizingSplitter", "rotation": 0, "frozen": true},
      {"i": 8, "j": 6, "name": "PolarizingSplitter", "rotation": 1, "frozen": true},
      {"i": 9, "j": 4, "name": "FaradayRotator", "rotation": 0, "frozen": false},
      {"i": 10, "j": 4, "name": "ThinMirror", "rotation": 2, "frozen": false},
      {"i": 10, "j": 6, "name": "Detector", "rotation": 0, "frozen": true}
    ]
  },
  {
    "name": "One-way mirror",
    "group": "Game",
    "width": 13,
    "height": 10,
    "tiles": [
      {"i": 1, "j": 1, "name": "Source", "rotation": 3, "frozen": true},
      {"i": 1, "j": 2, "name": "SugarSolution", "rotation": 0, "frozen": true},
      {"i": 1, "j": 3, "name": "SugarSolution", "rotation": 0, "frozen": true},
      {"i": 1, "j": 4, "name": "ThinMirror", "rotation": 3, "frozen": true},
      {"i": 2, "j": 2, "name": "ThinMirror", "rotation": 1, "frozen": true},
      {"i": 2, "j": 4, "name": "ThinSplitter", "rotation": 1, "frozen": true},
      {"i": 3, "j": 4, "name": "ThinMirror", "rotation": 3, "frozen": true},
      {"i": 3, "j": 6, "name": "ThinMirror", "rotation": 3, "frozen": true},
      {"i": 5, "j": 6, "name": "PolarizingSplitter", "rotation": 0, "frozen": false},
      {"i": 5, "j": 8, "name": "Detector", "rotation": 3, "frozen": true},
      {"i": 7, "j": 2, "name": "SugarSolution", "rotation": 0, "frozen": false},
      {"i": 7, "j": 6, "name": "FaradayRotator", "rotation": 2, "frozen": false},
      {"i": 9, "j": 2, "name": "ThinMirror", "rotation": 3, "frozen": true},
      {"i": 9, "j": 4, "name": "ThinSplitter", "rotation": 0, "frozen": true},
      {"i": 9, "j": 6, "name": "ThinMirror", "rotation": 1, "frozen": true}
    ]
  },
  {
    "name": "Sweet Faraday",
    "group": "Game",
    "width": 13,
    "height": 10,
    "tiles": [
      {"i": 1, "j": 1, "name": "Detector", "rotation": 2, "frozen": true},
      {"i": 1, "j": 3, "name": "Source", "rotation": 0, "frozen": true},
      {"i": 1, "j": 5, "name": "Mine", "rotation": 0, "frozen": true},
      {"i": 1, "j": 7, "name": "ThinMirror", "rotation": 2, "frozen": true},
      {"i": 2, "j": 3, "name": "FaradayRotator", "rotation": 0, "frozen": false},
      {"i": 2, "j": 7, "name": "FaradayRotator", "rotation": 0, "frozen": false},
      {"i": 3, "j": 3, "name": "SugarSolution", "rotation": 0, "frozen": false},
      {"i": 4, "j": 1, "name": "PolarizingSplitter", "rotation": 0, "frozen": true},
      {"i": 4, "j": 3, "name": "PolarizingSplitter", "rotation": 1, "frozen": true},
      {"i": 4, "j": 5, "name": "PolarizingSplitter", "rotation": 0, "frozen": true},
      {"i": 4, "j": 7, "name": "PolarizingSplitter", "rotation": 0, "frozen": true},
      {"i": 6, "j": 3, "name": "PolarizingSplitter", "rotation": 0, "frozen": true},
      {"i": 6, "j": 7, "name": "PolarizingSplitter", "rotation": 1, "frozen": true},
      {"i": 7, "j": 1, "name": "PolarizingSplitter", "rotation": 0, "frozen": true},
      {"i": 7, "j": 3, "name": "FaradayRotator", "rotation": 2, "frozen": false},
      {"i": 7, "j": 5, "name": "PolarizingSplitter", "rotation": 1, "frozen": true},
      {"i": 7, "j": 7, "name": "PolarizingSplitter", "rotation": 0, "frozen": true},
      {"i": 8, "j": 1, "name": "SugarSolution", "rotation": 0, "frozen": false},
      {"i": 8, "j": 3, "name": "SugarSolution", "rotation": 0, "frozen": false},
      {"i": 8, "j": 7, "name": "FaradayRotator", "rotation": 0, "frozen": false},
      {"i": 9, "j": 1, "name": "FaradayRotator", "rotation": 2, "frozen": false},
      {"i": 9, "j": 3, "name": "PolarizingSplitter", "rotation": 0, "frozen": true},
      {"i": 9, "j": 5, "name": "PolarizingSplitter", "rotation": 0, "frozen": true},
      {"i": 9, "j": 7, "name": "SugarSolution", "rotation": 0, "frozen": false},
      {"i": 10, "j": 1, "name": "PolarizingSplitter", "rotation": 1, "frozen": true},
      {"i": 10, "j": 7, "name": "PolarizingSplitter", "rotation": 0, "frozen": true},
      {"i": 11, "j": 3, "name": "ThinMirror", "rotation": 2, "frozen": true},
      {"i": 11, "j": 5, "name": "ThinMirror", "rotation": 2, "frozen": true}
    ]
  },
  {
    "name": "Cascade switches",
    "group": "Game",
    "width": 13,
    "height": 10,
    "texts": {"before": "Splitting and joining..."},
    "tiles": [
      {"i": 3, "j": 5, "name": "Mine", "rotation": 0, "frozen": true},
      {"i": 5, "j": 3, "name": "ThinMirror", "rotation": 1, "frozen": true},
      {"i": 5, "j": 5, "name": "ThinSplitter", "rotation": 1, "frozen": true},
      {"i": 5, "j": 7, "name": "Detector", "rotation": 3, "frozen": true},
      {"i": 7, "j": 1, "name": "ThinMirror", "rotation": 1, "frozen": true},
      {"i": 7, "j": 3, "name": "ThinSplitter", "rotation": 1, "frozen": true},
      {"i": 7, "j": 4, "name": "Glass", "rotation": 0, "frozen": false},
      {"i": 7, "j": 5, "name": "ThinMirror", "rotation": 1, "frozen": true},
      {"i": 8, "j": 3, "name": "Glass", "rotation": 0, "frozen": false},
      {"i": 9, "j": 1, "name": "ThinSplitter", "rotation": 1, "frozen": true},
      {"i": 9, "j": 3, "name": "ThinMirror", "rotation": 1, "frozen": true},
      {"i": 11, "j": 1, "name": "Source", "rotation": 2, "frozen": true}
    ]
  },
  {
    "name": "Interfering polarization",
    "group": "Game",
    "width": 13,
    "height": 10,
    "texts": {"before": "Adding and subtracting."},
    "tiles": [
      {"i": 1, "j": 1, "name": "Source", "rotation": 0, "frozen": true},
      {"i": 3, "j": 1, "name": "ThinSplitter", "rotation": 3, "frozen": false},
      {"i": 3, "j": 3, "name": "SugarSolution", "rotation": 0, "frozen": false},
      {"i": 3, "j": 4, "name": "ThinMirror", "rotation": 3, "frozen": true},
      {"i": 5, "j": 1, "name": "SugarSolution", "rotation": 0, "frozen": false},
      {"i": 5, "j": 6, "name": "Mine", "rotation": 0, "frozen": true},
      {"i": 7, "j": 1, "name": "ThinMirror", "rotation": 3, "frozen": true},
      {"i": 7, "j": 4, "name": "ThinSplitter", "rotation": 3, "frozen": true},
      {"i": 7, "j": 6, "name": "PolarizingSplitter", "rotation": 0, "frozen": true},
      {"i": 7, "j": 8, "name": "Detector", "rotation": 3, "frozen": true},
      {"i": 9, "j": 4, "name": "PolarizingSplitter", "rotation": 1, "frozen": true},
      {"i": 9, "j": 6, "name": "Detector", "rotation": 3, "frozen": true},
      {"i": 11, "j": 4, "name": "Mine", "rotation": 0, "frozen": true}
    ]
  },
  {
    "name": "A bit of a lot",
    "group": "Game",
    "width": 13,
    "height": 10,
    "requiredDetectionProbability": 0.75,
    "tiles": [
      {"i": 2, "j": 3, "name": "Source", "rotation": 0, "frozen": true},
      {"i": 3, "j": 3, "name": "SugarSolution", "rotation": 0, "frozen": false},
      {"i": 4, "j": 3, "name": "PolarizerWE", "rotation": 1, "frozen": true},
      {"i": 4, "j": 7, "name": "Detector", "rotation": 2, "frozen": true},
      {"i": 5, "j": 3, "name": "ThinSplitter", "rotation": 3, "frozen": true},
      {"i": 5, "j": 5, "name": "ThinMirror", "rotation": 3, "frozen": false},
      {"i": 5, "j": 6, "name": "Rock", "rotation": 0, "frozen": true},
      {"i": 6, "j": 5, "name": "ThinSplitter", "rotation": 3, "frozen": true},
      {"i": 6, "j": 6, "name": "FaradayRotator", "rotation": 3, "frozen": false},
      {"i": 6, "j": 7, "name": "PolarizingSplitter", "rotation": 0, "frozen": false},
      {"i": 6, "j": 8, "name": "Mine", "rotation": 3, "frozen": true},
      {"i": 7, "j": 3, "name": "Absorber", "rotation": 0, "frozen": false},
      {"i": 7, "j": 5, "name": "Glass", "rotation": 0, "frozen": false},
      {"i": 8, "j": 3, "name": "ThinMirror", "rotation": 3, "frozen": false},
      {"i": 8, "j": 4, "name": "VacuumJar", "rotation": 0, "frozen": false},
      {"i": 8, "j": 5, "name": "ThinSplitter", "rotation": 3, "frozen": true},
      {"i": 8, "j": 8, "name": "Detector", "rotation": 3, "frozen": true},
      {"i": 10, "j": 3, "name": "Mine", "rotation": 0, "frozen": true},
      {"i": 10, "j": 5, "name": "Mine", "rotation": 0, "frozen": true}
    ]
  }
]
