[
  {
    "name": "Flowing with the current",
    "group": "Candidate",
    "width": 13,
    "height": 10,
    "tiles": [
      {"i": 1, "j": 4, "name": "Source", "rotation": 0, "frozen": true},
      {"i": 2, "j": 4, "name": "SugarSolution", "rotation": 0, "frozen": false},
      {"i": 3, "j": 4, "name": "SugarSolution", "rotation": 0, "frozen": false},
      {"i": 4, "j": 2, "name": "Detector", "rotation": 1, "frozen": true},
      {"i": 4, "j": 4, "name": "PolarizingSplitter", "rotation": 1, "frozen": true},
      {"i": 4, "j": 6, "name": "Mine", "rotation": 0, "frozen": true},
      {"i": 6, "j": 4, "name": "SugarSolution", "rotation": 0, "frozen": false},
      {"i": 7, "j": 4, "name": "FaradayRotator", "rotation": 2, "frozen": false},
      {"i": 8, "j": 2, "name": "Mine", "rotation": 0, "frozen": true},
      {"i": 8, "j": 4, "name": "PolarizingSplitter", "rotation": 1, "frozen": true},
      {"i": 8, "j": 6, "name": "Mine", "rotation": 0, "frozen": true},
      {"i": 11, "j": 4, "name": "ThinMirror", "rotation": 2, "frozen": true}
    ],
    "requiredDetectionProbability": 1
  },
  {
    "name": "Buzzing (herbatka z prądem)",
    "group": "Candiate",
    "width": 13,
    "height": 10,
    "tiles": [
      {"i": 2, "j": 3, "name": "Source", "rotation": 0, "frozen": true},
      {"i": 3, "j": 3, "name": "SugarSolution", "rotation": 0, "frozen": true},
      {"i": 4, "j": 1, "name": "Detector", "rotation": 1, "frozen": true},
      {"i": 4, "j": 3, "name": "PolarizingSplitter", "rotation": 1, "frozen": true},
      {"i": 4, "j": 4, "name": "ThinMirror", "rotation": 3, "frozen": true},
      {"i": 6, "j": 3, "name": "FaradayRotator", "rotation": 0, "frozen": false},
      {"i": 6, "j": 4, "name": "FaradayRotator", "rotation": 2, "frozen": false},
      {"i": 7, "j": 3, "name": "SugarSolution", "rotation": 0, "frozen": false},
      {"i": 7, "j": 4, "name": "SugarSolution", "rotation": 0, "frozen": false},
      {"i": 9, "j": 3, "name": "ThinMirror", "rotation": 3, "frozen": true},
      {"i": 9, "j": 4, "name": "PolarizingSplitter", "rotation": 0, "frozen": true},
      {"i": 9, "j": 6, "name": "Mine", "rotation": 0, "frozen": true},
      {"i": 11, "j": 4, "name": "Mine", "rotation": 0, "frozen": true}
    ],
    "requiredDetectionProbability": 1
  },
  {
    "name": "Polarizing beam joining",
    "group": "Candidate",
    "width": 13,
    "height": 10,
    "tiles": [
      {"i": 2, "j": 2, "name": "Mine", "rotation": 0, "frozen": true},
      {"i": 2, "j": 6, "name": "ThinMirror", "rotation": 2, "frozen": true},
      {"i": 4, "j": 0, "name": "Detector", "rotation": 1, "frozen": true},
      {"i": 4, "j": 2, "name": "PolarizingSplitter", "rotation": 1, "frozen": true},
      {"i": 4, "j": 4, "name": "ThinMirror", "rotation": 3, "frozen": true},
      {"i": 4, "j": 6, "name": "PolarizingSplitter", "rotation": 0, "frozen": true},
      {"i": 4, "j": 7, "name": "Glass", "rotation": 0, "frozen": false},
      {"i": 4, "j": 8, "name": "ThinMirror", "rotation": 0, "frozen": true},
      {"i": 5, "j": 4, "name": "DoubleSugarSolution", "rotation": 0, "frozen": false},
      {"i": 5, "j": 6, "name": "SugarSolution", "rotation": 0, "frozen": false},
      {"i": 6, "j": 2, "name": "ThinMirror", "rotation": 3, "frozen": true},
      {"i": 6, "j": 3, "name": "DoubleSugarSolution", "rotation": 0, "frozen": false},
      {"i": 6, "j": 4, "name": "PolarizingSplitter", "rotation": 1, "frozen": true},
      {"i": 6, "j": 5, "name": "SugarSolution", "rotation": 0, "frozen": true},
      {"i": 6, "j": 6, "name": "PolarizingSplitter", "rotation": 0, "frozen": true},
      {"i": 6, "j": 8, "name": "Mine", "rotation": 0, "frozen": true},
      {"i": 9, "j": 6, "name": "DoubleSugarSolution", "rotation": 0, "frozen": false},
      {"i": 10, "j": 6, "name": "Source", "rotation": 2, "frozen": true}
    ],
    "requiredDetectionProbability": 1
  },
  {
    "name": "Odd reflections",
    "group": "Candidate",
    "width": 13,
    "height": 10,
    "tiles": [
      {"i": 1, "j": 3, "name": "Source", "rotation": 0, "frozen": true},
      {"i": 2, "j": 3, "name": "SugarSolution", "rotation": 0, "frozen": false},
      {"i": 3, "j": 3, "name": "SugarSolution", "rotation": 0, "frozen": false},
      {"i": 4, "j": 3, "name": "PolarizingSplitter", "rotation": 0, "frozen": true},
      {"i": 4, "j": 7, "name": "Detector", "rotation": 3, "frozen": true},
      {"i": 6, "j": 3, "name": "SugarSolution", "rotation": 0, "frozen": false},
      {"i": 7, "j": 3, "name": "ThinSplitter", "rotation": 3, "frozen": false},
      {"i": 7, "j": 5, "name": "ThinSplitter", "rotation": 3, "frozen": false},
      {"i": 7, "j": 7, "name": "ThinMirror", "rotation": 3, "frozen": true},
      {"i": 8, "j": 3, "name": "Glass", "rotation": 0, "frozen": true},
      {"i": 9, "j": 3, "name": "ThinSplitter", "rotation": 3, "frozen": false},
      {"i": 9, "j": 7, "name": "ThinSplitter", "rotation": 3, "frozen": true},
      {"i": 11, "j": 3, "name": "ThinMirror", "rotation": 3, "frozen": true},
      {"i": 11, "j": 5, "name": "ThinSplitter", "rotation": 3, "frozen": true},
      {"i": 11, "j": 7, "name": "ThinMirror", "rotation": 1, "frozen": false}
    ]
  },
  {
    "name": "Only a spiral can pass",
    "group": "Candidate",
    "width": 13,
    "height": 10,
    "tiles": [
      {"i": 2, "j": 1, "name": "Source", "rotation": 0, "frozen": true},
      {"i": 4, "j": 1, "name": "SugarSolution", "rotation": 0, "frozen": false},
      {"i": 6, "j": 1, "name": "PolarizingSplitter", "rotation": 1, "frozen": false},
      {"i": 6, "j": 3, "name": "ThinMirror", "rotation": 3, "frozen": true},
      {"i": 8, "j": 1, "name": "Glass", "rotation": 0, "frozen": false},
      {"i": 8, "j": 7, "name": "Detector", "rotation": 2, "frozen": true},
      {"i": 9, "j": 1, "name": "ThinMirror", "rotation": 3, "frozen": true},
      {"i": 9, "j": 3, "name": "PolarizingSplitter", "rotation": 1, "frozen": true},
      {"i": 9, "j": 5, "name": "SugarSolution", "rotation": 0, "frozen": true},
      {"i": 9, "j": 7, "name": "PolarizingSplitter", "rotation": 0, "frozen": true},
      {"i": 9, "j": 8, "name": "Detector", "rotation": 3, "frozen": true},
      {"i": 11, "j": 3, "name": "Mine", "rotation": 0, "frozen": true}
    ]
  },
  {
    "name": "The sign thing",
    "group": "Candidate",
    "width": 13,
    "height": 10,
    "tiles": [
      {"i": 1, "j": 2, "name": "Detector", "rotation": 2, "frozen": true},
      {"i": 3, "j": 0, "name": "Mine", "rotation": 0, "frozen": true},
      {"i": 3, "j": 2, "name": "ThinSplitter", "rotation": 3, "frozen": true},
      {"i": 3, "j": 6, "name": "ThinMirror", "rotation": 3, "frozen": true},
      {"i": 5, "j": 2, "name": "SugarSolution", "rotation": 0, "frozen": false},
      {"i": 6, "j": 2, "name": "SugarSolution", "rotation": 0, "frozen": false},
      {"i": 7, "j": 2, "name": "SugarSolution", "rotation": 0, "frozen": false},
      {"i": 8, "j": 2, "name": "SugarSolution", "rotation": 0, "frozen": false},
      {"i": 9, "j": 2, "name": "ThinMirror", "rotation": 3, "frozen": true},
      {"i": 9, "j": 6, "name": "ThinSplitter", "rotation": 3, "frozen": true},
      {"i": 9, "j": 9, "name": "Source", "rotation": 1, "frozen": true}
    ]
  },
  {
    "name": "No leakage",
    "group": "Candidate",
    "width": 13,
    "height": 10,
    "tiles": [
      {"i": 3, "j": 4, "name": "Source", "rotation": 0, "frozen": true},
      {"i": 4, "j": 4, "name": "SugarSolution", "rotation": 0, "frozen": true},
      {"i": 5, "j": 4, "name": "PolarizingSplitter", "rotation": 1, "frozen": false},
      {"i": 5, "j": 7, "name": "ThinMirror", "rotation": 3, "frozen": true},
      {"i": 6, "j": 4, "name": "SugarSolution", "rotation": 0, "frozen": false},
      {"i": 7, "j": 4, "name": "SugarSolution", "rotation": 0, "frozen": false},
      {"i": 7, "j": 7, "name": "Glass", "rotation": 0, "frozen": false},
      {"i": 8, "j": 4, "name": "PolarizingSplitter", "rotation": 1, "frozen": false},
      {"i": 8, "j": 7, "name": "ThinSplitter", "rotation": 3, "frozen": false},
      {"i": 10, "j": 4, "name": "ThinMirror", "rotation": 1, "frozen": true},
      {"i": 10, "j": 7, "name": "ThinMirror", "rotation": 1, "frozen": true},
      {"i": 12, "j": 4, "name": "Detector", "rotation": 0, "frozen": true}
    ]
  },
  {
    "name": "Nine polarizing - hardcore mode",
    "group": "Candidate",
    "width": 13,
    "height": 10,
    "tiles": [
      {"i": 2, "j": 2, "name": "Source", "rotation": 0, "frozen": true},
      {"i": 2, "j": 4, "name": "ThinMirror", "rotation": 2, "frozen": false},
      {"i": 2, "j": 6, "name": "ThinMirror", "rotation": 2, "frozen": false},
      {"i": 3, "j": 2, "name": "SugarSolution", "rotation": 0, "frozen": true},
      {"i": 3, "j": 4, "name": "FaradayRotator", "rotation": 0, "frozen": false},
      {"i": 3, "j": 6, "name": "FaradayRotator", "rotation": 0, "frozen": false},
      {"i": 4, "j": 0, "name": "ThinMirror", "rotation": 0, "frozen": false},
      {"i": 4, "j": 1, "name": "FaradayRotator", "rotation": 1, "frozen": false},
      {"i": 4, "j": 2, "name": "PolarizingSplitter", "rotation": 1, "frozen": true},
      {"i": 4, "j": 3, "name": "SugarSolution", "rotation": 0, "frozen": true},
      {"i": 4, "j": 4, "name": "PolarizingSplitter", "rotation": 0, "frozen": true},
      {"i": 4, "j": 6, "name": "PolarizingSplitter", "rotation": 1, "frozen": true},
      {"i": 4, "j": 8, "name": "ThinMirror", "rotation": 3, "frozen": false},
      {"i": 6, "j": 0, "name": "ThinMirror", "rotation": 0, "frozen": false},
      {"i": 6, "j": 1, "name": "FaradayRotator", "rotation": 1, "frozen": false},
      {"i": 6, "j": 2, "name": "PolarizingSplitter", "rotation": 0, "frozen": true},
      {"i": 6, "j": 4, "name": "PolarizingSplitter", "rotation": 1, "frozen": true},
      {"i": 6, "j": 6, "name": "PolarizingSplitter", "rotation": 0, "frozen": true},
      {"i": 6, "j": 8, "name": "ThinMirror", "rotation": 1, "frozen": false},
      {"i": 8, "j": 0, "name": "ThinMirror", "rotation": 0, "frozen": false},
      {"i": 8, "j": 1, "name": "FaradayRotator", "rotation": 1, "frozen": false},
      {"i": 8, "j": 2, "name": "PolarizingSplitter", "rotation": 1, "frozen": true},
      {"i": 8, "j": 4, "name": "PolarizingSplitter", "rotation": 0, "frozen": true},
      {"i": 8, "j": 6, "name": "PolarizingSplitter", "rotation": 1, "frozen": true},
      {"i": 8, "j": 7, "name": "FaradayRotator", "rotation": 1, "frozen": false},
      {"i": 8, "j": 8, "name": "ThinMirror", "rotation": 0, "frozen": false},
      {"i": 9, "j": 2, "name": "FaradayRotator", "rotation": 0, "frozen": false},
      {"i": 9, "j": 4, "name": "FaradayRotator", "rotation": 0, "frozen": false},
      {"i": 10, "j": 2, "name": "ThinMirror", "rotation": 2, "frozen": false},
      {"i": 10, "j": 4, "name": "ThinMirror", "rotation": 2, "frozen": false},
      {"i": 10, "j": 6, "name": "Detector", "rotation": 0, "frozen": true}
    ]
  },
  {
    "name": "Sugar eigenbasis",
    "group": "Candidate",
    "width": 13,
    "height": 10,
    "texts": {"before": "It has its sweet, circular basis."},
    "tiles": [
      {"i": 1, "j": 2, "name": "Source", "rotation": 0, "frozen": true},
      {"i": 2, "j": 2, "name": "QuarterWavePlateWE", "rotation": 3, "frozen": false},
      {"i": 4, "j": 2, "name": "ThinSplitter", "rotation": 3, "frozen": true},
      {"i": 4, "j": 3, "name": "ThinMirror", "rotation": 3, "frozen": true},
      {"i": 5, "j": 3, "name": "SugarSolution", "rotation": 0, "frozen": true},
      {"i": 6, "j": 2, "name": "Glass", "rotation": 0, "frozen": false},
      {"i": 6, "j": 3, "name": "SugarSolution", "rotation": 0, "frozen": false},
      {"i": 9, "j": 2, "name": "ThinMirror", "rotation": 3, "frozen": true},
      {"i": 9, "j": 3, "name": "ThinSplitter", "rotation": 3, "frozen": true},
      {"i": 9, "j": 5, "name": "Mine", "rotation": 0, "frozen": true},
      {"i": 11, "j": 3, "name": "Detector", "rotation": 0, "frozen": true}
    ]
  },
  {
    "name": "Polarization and interference cascade",
    "group": "Candidate",
    "width": 13,
    "height": 10,
    "texts": {"before": "Sort polarization before it's too late!"},
    "tiles": [
      {"i": 1, "j": 1, "name": "Source", "rotation": 0, "frozen": true},
      {"i": 3, "j": 1, "name": "ThinSplitter", "rotation": 3, "frozen": true},
      {"i": 3, "j": 3, "name": "ThinMirror", "rotation": 3, "frozen": true},
      {"i": 4, "j": 1, "name": "Glass", "rotation": 0, "frozen": false},
      {"i": 4, "j": 3, "name": "SugarSolution", "rotation": 0, "frozen": false},
      {"i": 5, "j": 1, "name": "ThinMirror", "rotation": 3, "frozen": true},
      {"i": 5, "j": 2, "name": "SugarSolution", "rotation": 0, "frozen": false},
      {"i": 5, "j": 3, "name": "ThinSplitter", "rotation": 3, "frozen": true},
      {"i": 5, "j": 5, "name": "ThinMirror", "rotation": 3, "frozen": true},
      {"i": 5, "j": 7, "name": "Detector", "rotation": 2, "frozen": true},
      {"i": 6, "j": 3, "name": "Glass", "rotation": 0, "frozen": false},
      {"i": 7, "j": 3, "name": "ThinMirror", "rotation": 3, "frozen": true},
      {"i": 7, "j": 5, "name": "ThinSplitter", "rotation": 3, "frozen": true},
      {"i": 7, "j": 7, "name": "PolarizingSplitter", "rotation": 0, "frozen": true},
      {"i": 7, "j": 9, "name": "Mine", "rotation": 0, "frozen": true},
      {"i": 9, "j": 3, "name": "Mine", "rotation": 0, "frozen": true},
      {"i": 9, "j": 5, "name": "PolarizingSplitter", "rotation": 0, "frozen": true},
      {"i": 11, "j": 5, "name": "Detector", "rotation": 0, "frozen": true}
    ]
  },
  {
    "name": "Polarizing beam joiner",
    "group": "Candidate",
    "width": 13,
    "height": 10,
    "tiles": [
      {"i": 2, "j": 1, "name": "Source", "rotation": 0, "frozen": true},
      {"i": 4, "j": 1, "name": "ThinSplitter", "rotation": 3, "frozen": true},
      {"i": 4, "j": 3, "name": "ThinMirror", "rotation": 3, "frozen": true},
      {"i": 5, "j": 1, "name": "SugarSolution", "rotation": 0, "frozen": false},
      {"i": 6, "j": 1, "name": "SugarSolution", "rotation": 0, "frozen": false},
      {"i": 6, "j": 6, "name": "Detector", "rotation": 2, "frozen": true},
      {"i": 7, "j": 1, "name": "Glass", "rotation": 0, "frozen": false},
      {"i": 8, "j": 1, "name": "ThinMirror", "rotation": 3, "frozen": true},
      {"i": 8, "j": 3, "name": "PolarizingSplitter", "rotation": 1, "frozen": true},
      {"i": 8, "j": 4, "name": "SugarSolution", "rotation": 0, "frozen": false},
      {"i": 8, "j": 6, "name": "PolarizingSplitter", "rotation": 0, "frozen": true},
      {"i": 8, "j": 8, "name": "Mine", "rotation": 0, "frozen": true},
      {"i": 10, "j": 3, "name": "Mine", "rotation": 0, "frozen": true}
    ]
  },
  {
    "name": "Back to the future",
    "group": "Candidate",
    "width": 13,
    "height": 10,
    "tiles": [
      {"i": 5, "j": 2, "name": "ThinMirror", "rotation": 1, "frozen": true},
      {"i": 5, "j": 6, "name": "ThinMirror", "rotation": 3, "frozen": false},
      {"i": 6, "j": 1, "name": "Source", "rotation": 3, "frozen": true},
      {"i": 6, "j": 2, "name": "ThinSplitter", "rotation": 1, "frozen": true},
      {"i": 6, "j": 3, "name": "ThinMirror", "rotation": 3, "frozen": true},
      {"i": 6, "j": 6, "name": "ThinMirror", "rotation": 3, "frozen": false},
      {"i": 6, "j": 7, "name": "ThinSplitter", "rotation": 1, "frozen": false},
      {"i": 6, "j": 8, "name": "Detector", "rotation": 3, "frozen": true},
      {"i": 7, "j": 3, "name": "ThinMirror", "rotation": 3, "frozen": true},
      {"i": 7, "j": 7, "name": "ThinMirror", "rotation": 1, "frozen": false}
    ]
  },
  {
    "name": "Twisting and splitting",
    "group": "Candidate",
    "width": 13,
    "height": 10,
    "tiles": [
      {"i": 3, "j": 3, "name": "Detector", "rotation": 2, "frozen": true},
      {"i": 5, "j": 3, "name": "PolarizingSplitter", "rotation": 0, "frozen": false},
      {"i": 5, "j": 4, "name": "SugarSolution", "rotation": 0, "frozen": false},
      {"i": 5, "j": 5, "name": "PolarizingSplitter", "rotation": 1, "frozen": false},
      {"i": 5, "j": 7, "name": "Detector", "rotation": 3, "frozen": true},
      {"i": 6, "j": 3, "name": "SugarSolution", "rotation": 0, "frozen": false},
      {"i": 6, "j": 5, "name": "SugarSolution", "rotation": 0, "frozen": false},
      {"i": 7, "j": 1, "name": "Detector", "rotation": 1, "frozen": true},
      {"i": 7, "j": 3, "name": "PolarizingSplitter", "rotation": 1, "frozen": false},
      {"i": 7, "j": 4, "name": "SugarSolution", "rotation": 0, "frozen": false},
      {"i": 7, "j": 5, "name": "PolarizingSplitter", "rotation": 0, "frozen": false},
      {"i": 7, "j": 6, "name": "SugarSolution", "rotation": 0, "frozen": false},
      {"i": 7, "j": 7, "name": "Source", "rotation": 1, "frozen": true},
      {"i": 9, "j": 5, "name": "PolarizingSplitter", "rotation": 1, "frozen": false},
      {"i": 9, "j": 7, "name": "Detector", "rotation": 3, "frozen": true},
      {"i": 11, "j": 5, "name": "Detector", "rotation": 0, "frozen": true}
    ]
  },
  {
    "name": "Align",
    "group": "Candidate",
    "width": 13,
    "height": 10,
    "tiles": [
      {"i": 1, "j": 1, "name": "Source", "rotation": 0, "frozen": true},
      {"i": 3, "j": 1, "name": "SugarSolution", "rotation": 0, "frozen": false},
      {"i": 5, "j": 1, "name": "PolarizingSplitter", "rotation": 1, "frozen": true},
      {"i": 5, "j": 4, "name": "ThinMirror", "rotation": 3, "frozen": true},
      {"i": 7, "j": 4, "name": "Glass", "rotation": 0, "frozen": false},
      {"i": 8, "j": 1, "name": "ThinMirror", "rotation": 3, "frozen": true},
      {"i": 8, "j": 2, "name": "SugarSolution", "rotation": 0, "frozen": false},
      {"i": 8, "j": 3, "name": "SugarSolution", "rotation": 0, "frozen": false},
      {"i": 8, "j": 4, "name": "ThinSplitter", "rotation": 3, "frozen": true},
      {"i": 8, "j": 6, "name": "Mine", "rotation": 0, "frozen": true},
      {"i": 10, "j": 4, "name": "Detector", "rotation": 0, "frozen": true}
    ]
  },
  {
    "name": "One-way back",
    "group": "Candidate",
    "width": 13,
    "height": 10,
    "requiredDetectionProbability": 0.875,
    "tiles": [
      {"i": 2, "j": 4, "name": "Detector", "rotation": 2, "frozen": true},
      {"i": 3, "j": 2, "name": "Source", "rotation": 3, "frozen": true},
      {"i": 3, "j": 4, "name": "ThinSplitter", "rotation": 3, "frozen": false},
      {"i": 3, "j": 6, "name": "ThinMirror", "rotation": 3, "frozen": true},
      {"i": 5, "j": 2, "name": "ThinMirror", "rotation": 1, "frozen": true},
      {"i": 5, "j": 4, "name": "ThinMirror", "rotation": 1, "frozen": true},
      {"i": 7, "j": 1, "name": "Detector", "rotation": 1, "frozen": true},
      {"i": 7, "j": 2, "name": "ThinSplitter", "rotation": 1, "frozen": false},
      {"i": 7, "j": 3, "name": "Detector", "rotation": 3, "frozen": true},
      {"i": 7, "j": 5, "name": "Detector", "rotation": 1, "frozen": true},
      {"i": 7, "j": 6, "name": "ThinSplitter", "rotation": 1, "frozen": false},
      {"i": 7, "j": 7, "name": "Mine", "rotation": 0, "frozen": true},
      {"i": 9, "j": 2, "name": "ThinMirror", "rotation": 3, "frozen": true},
      {"i": 9, "j": 4, "name": "ThinSplitter", "rotation": 0, "frozen": false},
      {"i": 9, "j": 6, "name": "ThinMirror", "rotation": 1, "frozen": true}
    ]
  },
  {
    "name": "Polarization equality",
    "group": "Candidate",
    "width": 13,
    "height": 10,
    "tiles": [
      {"i": 1, "j": 1, "name": "Source", "rotation": 0, "frozen": true},
      {"i": 2, "j": 2, "name": "ThinMirror", "rotation": 1, "frozen": true},
      {"i": 2, "j": 3, "name": "ThinMirror", "rotation": 3, "frozen": true},
      {"i": 3, "j": 1, "name": "ThinSplitter", "rotation": 3, "frozen": true},
      {"i": 3, "j": 2, "name": "ThinMirror", "rotation": 1, "frozen": true},
      {"i": 3, "j": 3, "name": "SugarSolution", "rotation": 0, "frozen": true},
      {"i": 4, "j": 3, "name": "SugarSolution", "rotation": 0, "frozen": true},
      {"i": 5, "j": 1, "name": "ThinMirror", "rotation": 3, "frozen": true},
      {"i": 5, "j": 3, "name": "ThinSplitter", "rotation": 3, "frozen": true},
      {"i": 5, "j": 5, "name": "ThinMirror", "rotation": 3, "frozen": false},
      {"i": 5, "j": 7, "name": "Mine", "rotation": 0, "frozen": true},
      {"i": 6, "j": 5, "name": "QuarterWavePlateWE", "rotation": 2, "frozen": false},
      {"i": 7, "j": 5, "name": "QuarterWavePlateWE", "rotation": 2, "frozen": false},
      {"i": 8, "j": 3, "name": "ThinMirror", "rotation": 3, "frozen": false},
      {"i": 8, "j": 5, "name": "ThinSplitter", "rotation": 3, "frozen": false},
      {"i": 8, "j": 9, "name": "Mine", "rotation": 0, "frozen": true},
      {"i": 10, "j": 3, "name": "Mine", "rotation": 0, "frozen": true},
      {"i": 12, "j": 5, "name": "Detector", "rotation": 0, "frozen": true}
    ]
  },
  {
    "name": "Reinterference",
    "group": "Candidate",
    "width": 13,
    "height": 10,
    "tiles": [
      {"i": 1, "j": 2, "name": "Source", "rotation": 0, "frozen": true},
      {"i": 1, "j": 3, "name": "Rock", "rotation": 0, "frozen": true},
      {"i": 2, "j": 2, "name": "ThinSplitter", "rotation": 3, "frozen": true},
      {"i": 2, "j": 4, "name": "ThinMirror", "rotation": 3, "frozen": true},
      {"i": 3, "j": 2, "name": "SugarSolution", "rotation": 0, "frozen": true},
      {"i": 3, "j": 5, "name": "Rock", "rotation": 0, "frozen": true},
      {"i": 4, "j": 2, "name": "ThinMirror", "rotation": 3, "frozen": true},
      {"i": 4, "j": 4, "name": "ThinSplitter", "rotation": 3, "frozen": true},
      {"i": 4, "j": 5, "name": "ThinMirror", "rotation": 3, "frozen": false},
      {"i": 4, "j": 7, "name": "PolarizingSplitter", "rotation": 0, "frozen": true},
      {"i": 4, "j": 8, "name": "Detector", "rotation": 3, "frozen": true},
      {"i": 5, "j": 3, "name": "Rock", "rotation": 0, "frozen": true},
      {"i": 5, "j": 4, "name": "ThinMirror", "rotation": 3, "frozen": false},
      {"i": 5, "j": 5, "name": "ThinSplitter", "rotation": 3, "frozen": false},
      {"i": 5, "j": 8, "name": "ThinMirror", "rotation": 3, "frozen": false},
      {"i": 9, "j": 4, "name": "ThinMirror", "rotation": 1, "frozen": false},
      {"i": 9, "j": 8, "name": "ThinMirror", "rotation": 1, "frozen": false},
      {"i": 10, "j": 5, "name": "ThinMirror", "rotation": 3, "frozen": false},
      {"i": 10, "j": 7, "name": "ThinMirror", "rotation": 1, "frozen": false},
      {"i": 11, "j": 4, "name": "Detector", "rotation": 0, "frozen": true}
    ]
  },
  {
    "name": "Cancel a component",
    "group": "Candidate",
    "width": 13,
    "height": 10,
    "tiles": [
      {"i": 3, "j": 3, "name": "Source", "rotation": 0, "frozen": true},
      {"i": 5, "j": 3, "name": "ThinSplitter", "rotation": 3, "frozen": true},
      {"i": 5, "j": 4, "name": "SugarSolution", "rotation": 0, "frozen": false},
      {"i": 5, "j": 5, "name": "ThinMirror", "rotation": 3, "frozen": false},
      {"i": 5, "j": 7, "name": "Detector", "rotation": 2, "frozen": true},
      {"i": 6, "j": 3, "name": "ThinSplitter", "rotation": 3, "frozen": false},
      {"i": 6, "j": 7, "name": "PolarizingSplitter", "rotation": 0, "frozen": true},
      {"i": 6, "j": 8, "name": "Mine", "rotation": 0, "frozen": true},
      {"i": 7, "j": 3, "name": "ThinMirror", "rotation": 3, "frozen": false},
      {"i": 7, "j": 5, "name": "ThinSplitter", "rotation": 3, "frozen": true},
      {"i": 7, "j": 7, "name": "ThinMirror", "rotation": 1, "frozen": true},
      {"i": 9, "j": 5, "name": "Detector", "rotation": 0, "frozen": true}
    ]
  }
]
