{
  "name": "No more challenges",
  "group": "Last",
  "width": 13,
  "height": 10,
  "tiles": [
    {"i": 10, "j": 1, "name": "Source", "rotation": 0, "frozen": true},
    {"i": 11, "j": 1, "name": "Detector", "rotation": 0, "frozen": true}
  ],
  "stock": {},
  "boardHints": [
    {"i": 4, "j": 0, "widthI": 5, "text": "thank you for testing!"},
    {"i": 5, "j": 1, "widthI": 3, "text": "(it's still beta)"},
    {"i": 4, "j": 2, "widthI": 5, "text": "we really hope you enjoyed it a bit"},
    {"i": 9, "j": 5, "widthI": 1, "text": "by:"},
    {"i": 9, "j": 6, "widthI": 3, "text": "Piotr Migdał"},
    {"i": 9, "j": 7, "widthI": 3, "text": "Patryk Hes"},
    {"i": 9, "j": 8, "widthI": 3, "text": "Michał Krupiński"},
    {"i": 0, "j": 3, "widthI": 3, "text": "all missions over...", "triangleI": 0, "triangleDir": "left"},
    {"i": 0, "j": 4, "widthI": 4, "text": "...but we can make more..,"},
    {"i": 0, "j": 5, "widthI": 4, "text": "...and you can as well!"},
    {"i": 0, "j": 9, "widthI": 10, "text": "stay with us... :) at tell us what you enjoyed, and what was annoying)", "triangleI": 0, "triangleDir": "left"}
  ]
}
